Month #,Beginning Balance,Interest,Ending Balance
0,200.0,0,200.0
1,200.0,0.33333333333333337,195.33333333333334
2,195.33333333333334,0.3255555555555556,190.6588888888889
3,190.6588888888889,0.31776481481481483,185.9766537037037
4,185.9766537037037,0.30996108950617285,181.28661479320988
5,181.28661479320988,0.3021443579886831,176.58875915119856
6,176.58875915119856,0.29431459858533093,171.8830737497839
7,171.8830737497839,0.2864717895829732,167.16954553936688
8,167.16954553936688,0.27861590923227814,162.44816144859917
9,162.44816144859917,0.2707469357476653,157.71890838434683
10,157.71890838434683,0.2628648473072447,152.98177323165407
11,152.98177323165407,0.2549696220527568,148.23674285370683
12,148.23674285370683,0.2470612380895114,143.48380409179634
13,143.48380409179634,0.23913967348632725,138.72294376528268
14,138.72294376528268,0.23120490627547113,133.95414867155816
15,133.95414867155816,0.22325691445259693,129.17740558601076
16,129.17740558601076,0.21529567597668461,124.39270126198744
17,124.39270126198744,0.20732116876997908,119.60002243075742
18,119.60002243075742,0.19933337071792903,114.79935580147534
19,114.79935580147534,0.1913322596691256,109.99068806114447
20,109.99068806114447,0.18331781343524078,105.1740058745797
21,105.1740058745797,0.17529000979096618,100.34929588437068
22,100.34929588437068,0.16724882647395112,95.51654471084463
23,95.51654471084463,0.15919424118474104,90.67573895202936
24,90.67573895202936,0.15112623158671562,85.82686518361608
25,85.82686518361608,0.1430447753060268,80.9699099589221
26,80.9699099589221,0.13494984993153686,76.10485980885363
27,76.10485980885363,0.12684143301475606,71.2317012418684
28,71.2317012418684,0.11871950206978066,66.35042074393817
29,66.35042074393817,0.1105840345732303,61.46100477851141
30,61.46100477851141,0.10243500796418568,56.5634397864756
31,56.5634397864756,0.094272399644126,51.657712186119724
32,51.657712186119724,0.0860961869768662,46.74380837309659
33,46.74380837309659,0.07790634728849433,41.82171472038509
34,41.82171472038509,0.06970285786730848,36.891417578252394
35,36.891417578252394,0.06148569596375399,31.952903274216148
36,31.952903274216148,0.05325483879036025,27.006158113006506
37,27.006158113006506,0.045010263521677515,22.051168376528185
38,22.051168376528185,0.03675194729421364,17.0879203238224
39,17.0879203238224,0.028479867206370666,12.11640019102877
40,12.11640019102877,0.020194000318381283,7.136594191347152
41,7.136594191347152,0.011894323652245254,2.1484885149993973
42,2.1484885149993973,0.0035808141916656624,0
